G,Pop,Ind,SowingDay,SowingDate,seedsXpot,MaxGerm,EmergDate,DTE,Dead,plantsXpot
1,1,1_1,6,24/10/2017,5,3,29/10/2017,5,0,3
1,1,1_2,3,21/10/2017,5,3,25/10/2017,4,0,3
1,1,1_3,6,24/10/2017,5,1,06/11/2017,13,0,1
1,1,1_4,1,19/10/2017,5,2,25/10/2017,6,0,2
1,1,1_5,4,22/10/2017,5,5,25/10/2017,3,0,5
1,1,1_6,4,22/10/2017,2,2,25/10/2017,3,0,2
1,1,1_7,1,19/10/2017,5,2,22/10/2017,3,0,2
1,1,1_8,3,21/10/2017,5,4,25/10/2017,4,0,4
1,1,1_9,4,22/10/2017,5,2,29/10/2017,7,0,2
1,1,1_10,2,20/10/2017,2,0,NA,NA,NA,NA
1,1,1_11,1,19/10/2017,5,2,22/10/2017,3,0,2
1,1,1_12,7,25/10/2017,5,3,06/11/2017,12,0,3
1,1,1_13,4,22/10/2017,5,4,29/10/2017,7,0,4
1,1,1_14,2,20/10/2017,2,0,NA,NA,NA,NA
1,1,1_15,7,25/10/2017,5,0,NA,NA,NA,NA
1,1,1_16,3,21/10/2017,5,0,NA,NA,NA,NA
1,1,1_17,6,24/10/2017,4,1,29/10/2017,5,0,1
1,1,1_18,7,25/10/2017,2,0,NA,NA,NA,NA
1,1,1_19,5,23/10/2017,5,0,NA,NA,NA,NA
1,1,1_20,5,23/10/2017,5,2,29/10/2017,6,0,2
1,1,1_21,3,21/10/2017,5,5,06/11/2017,16,0,5
1,1,1_22,2,20/10/2017,3,2,25/10/2017,5,0,2
1,1,1_23,1,19/10/2017,5,1,22/10/2017,3,0,1
1,1,1_24,5,23/10/2017,3,0,NA,NA,NA,NA
1,1,1_25,6,24/10/2017,5,3,29/10/2017,5,0,3
1,1,1_26,5,23/10/2017,3,2,29/10/2017,6,0,2
1,1,1_27,7,25/10/2017,3,0,NA,NA,NA,NA
1,1,1_28,3,21/10/2017,5,0,22/11/2017,32,0,0
1,1,1_29,2,20/10/2017,2,0,NA,NA,NA,NA
1,1,1_30,5,23/10/2017,3,1,29/10/2017,6,0,1
1,2,2_1,2,20/10/2017,5,4,22/10/2017,2,0,4
1,2,2_2,7,25/10/2017,5,2,29/10/2017,4,0,2
1,2,2_2,1,19/10/2017,5,2,22/10/2017,3,1,1
1,2,2_3,6,24/10/2017,5,2,06/11/2017,13,0,2
1,2,2_4,3,21/10/2017,1,1,25/10/2017,4,0,1
1,2,2_5,4,22/10/2017,5,5,29/10/2017,7,0,5
1,2,2_6,1,19/10/2017,2,2,22/10/2017,3,0,2
1,2,2_7,6,24/10/2017,2,2,29/10/2017,5,0,2
1,2,2_8,2,20/10/2017,5,5,25/10/2017,5,0,5
1,2,2_9,4,22/10/2017,5,5,25/10/2017,3,0,5
1,2,2_10,5,23/10/2017,5,5,29/10/2017,6,0,5
1,2,2_11,6,24/10/2017,5,4,29/10/2017,5,0,4
1,2,2_12,3,21/10/2017,5,5,25/10/2017,4,0,5
1,2,2_13,3,21/10/2017,5,5,25/10/2017,4,0,5
1,2,2_14,1,19/10/2017,5,3,22/10/2017,3,0,3
1,2,2_15,5,23/10/2017,5,4,06/11/2017,14,0,4
1,2,2_16,4,22/10/2017,5,0,NA,NA,NA,NA
1,2,2_17,1,19/10/2017,1,1,22/10/2017,3,0,1
1,2,2_18,7,25/10/2017,5,3,29/10/2017,4,0,3
1,2,2_19,5,23/10/2017,5,4,29/10/2017,6,0,4
1,2,2_21,4,22/10/2017,5,5,25/10/2017,3,0,5
1,2,2_22,6,24/10/2017,2,2,06/11/2017,13,0,2
1,2,2_23,5,23/10/2017,3,3,29/10/2017,6,0,3
1,2,2_24,7,25/10/2017,5,0,NA,NA,NA,NA
1,2,2_24,1,19/10/2017,5,2,10/11/2017,22,0,2
1,2,2_25,3,21/10/2017,5,4,25/10/2017,4,0,4
1,2,2_26,2,20/10/2017,5,5,06/11/2017,17,0,5
1,2,2_27,2,20/10/2017,4,2,22/10/2017,2,0,2
1,2,2_29,3,21/10/2017,2,1,25/10/2017,4,0,1
1,2,2_31,7,25/10/2017,2,1,06/11/2017,12,0,1
1,3,3_1,3,21/10/2017,5,0,NA,NA,NA,NA
1,3,3_2,5,23/10/2017,5,2,29/10/2017,6,0,2
1,3,3_3,1,19/10/2017,5,3,22/10/2017,3,0,3
1,3,3_4,3,21/10/2017,5,0,NA,NA,NA,NA
1,3,3_6,5,23/10/2017,5,2,29/10/2017,6,0,2
1,3,3_7,3,21/10/2017,5,2,25/10/2017,4,0,2
1,3,3_8,4,22/10/2017,5,0,NA,NA,NA,NA
1,3,3_9,3,21/10/2017,5,0,NA,NA,NA,NA
1,3,3_10,5,23/10/2017,5,2,29/10/2017,6,0,2
1,3,3_11,7,25/10/2017,5,3,10/11/2017,16,0,3
1,3,3_12,6,24/10/2017,5,2,06/11/2017,13,0,2
1,3,3_13,7,25/10/2017,5,0,NA,NA,NA,NA
1,3,3_14,6,24/10/2017,5,1,06/11/2017,13,0,1
1,3,3_15,4,22/10/2017,5,4,29/10/2017,7,0,4
1,3,3_16,1,19/10/2017,5,1,22/10/2017,3,0,1
1,3,3_17,4,22/10/2017,5,1,25/10/2017,3,0,1
1,3,3_18,2,20/10/2017,5,0,NA,NA,NA,NA
1,3,3_19,2,20/10/2017,5,1,22/10/2017,2,0,1
1,3,3_20,2,20/10/2017,5,2,22/10/2017,2,0,2
1,3,3_21,1,19/10/2017,5,2,22/10/2017,3,0,2
1,3,3_22,3,21/10/2017,3,0,NA,NA,NA,NA
1,3,3_27,4,22/10/2017,5,0,NA,NA,NA,NA
1,3,3_28,2,20/10/2017,4,1,25/10/2017,5,0,1
1,3,3_30,5,23/10/2017,3,2,06/11/2017,14,0,2
1,3,3_31,7,25/10/2017,5,2,06/11/2017,12,0,2
1,3,3_32,7,25/10/2017,5,3,06/11/2017,12,0,3
1,3,3_34,4,22/10/2017,5,5,29/10/2017,7,1,4
1,3,3_36,6,24/10/2017,5,1,29/10/2017,5,0,1
1,3,3_39,6,24/10/2017,2,0,NA,NA,NA,NA
1,4,4_1,2,20/10/2017,5,3,22/10/2017,2,0,3
1,4,4_2,1,19/10/2017,5,5,22/10/2017,3,0,5
1,4,4_3,6,24/10/2017,5,2,29/10/2017,5,0,2
1,4,4_4,1,19/10/2017,2,0,22/10/2017,3,0,0
1,4,4_5,2,20/10/2017,5,2,22/10/2017,2,0,2
1,4,4_6,7,25/10/2017,5,5,29/10/2017,4,0,5
1,4,4_7,4,22/10/2017,1,1,25/10/2017,3,0,1
1,4,4_8,5,23/10/2017,5,4,29/10/2017,6,1,3
1,4,4_9,6,24/10/2017,3,0,NA,NA,NA,NA
1,4,4_10,2,20/10/2017,5,3,22/10/2017,2,1,2
1,4,4_11,1,19/10/2017,5,4,22/10/2017,3,0,4
1,4,4_12,2,20/10/2017,4,4,29/10/2017,9,0,4
1,4,4_13,4,22/10/2017,3,2,25/10/2017,3,0,2
1,4,4_14,7,25/10/2017,5,4,06/11/2017,12,0,4
1,4,4_15,6,24/10/2017,5,3,29/10/2017,5,0,3
1,4,4_16,1,19/10/2017,3,0,22/10/2017,3,0,0
1,4,4_17,5,23/10/2017,5,4,29/10/2017,6,0,4
1,4,4_18,6,24/10/2017,5,1,29/10/2017,5,0,1
1,4,4_20,4,22/10/2017,2,1,25/10/2017,3,0,1
1,4,4_21,3,21/10/2017,5,4,25/10/2017,4,0,4
1,4,4_22,5,23/10/2017,5,5,29/10/2017,6,0,5
1,4,4_23,3,21/10/2017,5,4,25/10/2017,4,0,4
1,4,4_24,3,21/10/2017,3,0,NA,NA,NA,NA
1,4,4_26,5,23/10/2017,2,0,NA,NA,NA,NA
1,4,4_27,4,22/10/2017,2,1,29/10/2017,7,0,1
1,4,4_28,3,21/10/2017,2,2,25/10/2017,4,0,2
1,4,4_30,7,25/10/2017,2,2,29/10/2017,4,0,2
1,5,5_1,3,21/10/2017,5,3,29/10/2017,8,0,3
1,5,5_2,1,19/10/2017,5,0,22/10/2017,3,0,0
1,5,5_3,7,25/10/2017,5,1,29/10/2017,4,0,1
1,5,5_4,3,21/10/2017,2,1,29/10/2017,8,0,1
1,5,5_5,4,22/10/2017,5,4,29/10/2017,7,0,4
1,5,5_6,2,20/10/2017,5,4,25/10/2017,5,0,4
1,5,5_7,1,19/10/2017,5,5,22/10/2017,3,0,5
1,5,5_8,1,19/10/2017,5,3,22/10/2017,3,0,3
1,5,5_9,5,23/10/2017,5,3,29/10/2017,6,0,3
1,5,5_10,7,25/10/2017,5,2,29/10/2017,4,0,2
1,5,5_12,6,24/10/2017,5,4,06/11/2017,13,0,4
1,5,5_13,5,23/10/2017,5,2,29/10/2017,6,0,2
1,5,5_14,4,22/10/2017,3,3,29/10/2017,7,0,3
1,5,5_15,1,19/10/2017,1,1,22/10/2017,3,0,1
1,5,5_17,5,23/10/2017,5,0,NA,NA,NA,NA
1,5,5_18,5,23/10/2017,3,3,29/10/2017,6,0,3
1,5,5_19,3,21/10/2017,5,0,NA,NA,NA,NA
1,5,5_20,2,20/10/2017,5,3,22/10/2017,2,0,3
1,5,5_21,6,24/10/2017,5,3,10/11/2017,17,0,3
1,5,5_22,4,22/10/2017,5,4,25/10/2017,3,0,4
1,5,5_23,2,20/10/2017,5,0,NA,NA,NA,NA
1,5,5_24,6,24/10/2017,5,3,29/10/2017,5,0,3
1,5,5_25,2,20/10/2017,5,2,25/10/2017,5,0,2
1,5,5_26,6,24/10/2017,5,0,NA,NA,NA,NA
1,5,5_27,7,25/10/2017,5,2,29/10/2017,4,0,2
1,5,5_28,2,20/10/2017,5,2,25/10/2017,5,0,2
1,5,5_29,7,25/10/2017,5,0,NA,NA,NA,NA
1,5,5_30,3,21/10/2017,5,4,29/10/2017,8,0,4
1,5,5_31,6,24/10/2017,5,5,29/10/2017,5,0,5
1,5,5_32,4,22/10/2017,5,2,25/10/2017,3,0,2
1,6,6_1,5,23/10/2017,5,5,06/11/2017,14,0,5
1,6,6_2,5,23/10/2017,5,4,29/10/2017,6,0,4
1,6,6_3,3,21/10/2017,3,0,NA,NA,NA,NA
1,6,6_4,4,22/10/2017,5,3,29/10/2017,7,0,3
1,6,6_5,7,25/10/2017,3,0,NA,NA,NA,NA
1,6,6_6,3,21/10/2017,5,2,06/11/2017,16,0,2
1,6,6_7,2,20/10/2017,6,6,10/11/2017,21,0,6
1,6,6_8,4,22/10/2017,5,3,06/11/2017,15,0,3
1,6,6_9,7,25/10/2017,5,3,29/10/2017,4,0,3
1,6,6_10,1,19/10/2017,5,5,22/10/2017,3,0,5
1,6,6_11,1,19/10/2017,5,4,22/10/2017,3,1,3
1,6,6_12,1,19/10/2017,5,5,25/10/2017,6,0,5
1,6,6_13,6,24/10/2017,5,1,06/11/2017,13,0,1
1,6,6_14,1,19/10/2017,5,2,10/11/2017,22,0,2
1,6,6_15,7,25/10/2017,5,5,06/11/2017,12,0,5
1,6,6_17,3,21/10/2017,5,4,06/11/2017,16,0,4
1,6,6_18,6,24/10/2017,2,0,NA,NA,NA,NA
1,6,6_19,7,25/10/2017,5,3,06/11/2017,12,0,3
1,6,6_20,4,22/10/2017,2,0,NA,NA,NA,NA
1,6,6_21,6,24/10/2017,5,1,29/10/2017,5,0,1
1,6,6_22,2,20/10/2017,5,1,22/10/2017,2,0,1
1,6,6_23,1,19/10/2017,5,0,22/10/2017,3,0,0
1,6,6_24,2,20/10/2017,5,4,22/10/2017,2,0,4
1,6,6_25,6,24/10/2017,3,1,29/10/2017,5,0,1
1,6,6_26,4,22/10/2017,5,4,25/10/2017,3,0,4
1,6,6_27,3,21/10/2017,2,1,25/10/2017,4,0,1
1,6,6_28,5,23/10/2017,5,3,29/10/2017,6,0,3
1,6,6_29,5,23/10/2017,5,2,06/11/2017,14,0,2
1,6,6_30,2,20/10/2017,5,2,10/11/2017,21,0,2
1,7,7_1,3,21/10/2017,5,0,NA,NA,NA,NA
1,7,7_2,2,20/10/2017,5,3,25/10/2017,5,0,3
1,7,7_3,1,19/10/2017,4,4,25/10/2017,6,0,4
1,7,7_4,4,22/10/2017,4,3,29/10/2017,7,0,3
1,7,7_5,7,25/10/2017,5,3,06/11/2017,12,0,3
1,7,7_6,5,23/10/2017,5,4,29/10/2017,6,0,4
1,7,7_7,2,20/10/2017,2,2,22/10/2017,2,0,2
1,7,7_8,1,19/10/2017,4,3,06/11/2017,18,0,3
1,7,7_9,3,21/10/2017,5,4,29/10/2017,8,0,4
1,7,7_10,4,22/10/2017,5,5,29/10/2017,7,0,5
1,7,7_11,6,24/10/2017,5,4,10/11/2017,17,0,4
1,7,7_12,1,19/10/2017,2,2,22/10/2017,3,0,2
1,7,7_13,4,22/10/2017,2,0,NA,NA,NA,NA
1,7,7_15,3,21/10/2017,3,3,29/10/2017,8,0,3
1,7,7_16,2,20/10/2017,3,3,25/10/2017,5,0,3
1,7,7_17,5,23/10/2017,5,4,29/10/2017,6,0,4
1,7,7_18,7,25/10/2017,3,2,06/11/2017,12,0,2
1,7,7_19,5,23/10/2017,5,5,29/10/2017,6,0,5
1,7,7_20,6,24/10/2017,5,4,06/11/2017,13,0,4
1,7,7_21,7,25/10/2017,4,2,10/11/2017,16,0,2
1,7,7_22,6,24/10/2017,5,5,29/10/2017,5,0,5
1,8,8_1,5,23/10/2017,5,5,29/10/2017,6,0,5
1,8,8_2,6,24/10/2017,5,2,29/10/2017,5,0,2
1,8,8_3,1,19/10/2017,5,3,22/10/2017,3,0,3
1,8,8_4,6,24/10/2017,5,4,06/11/2017,13,0,4
1,8,8_5,5,23/10/2017,5,2,06/11/2017,14,0,2
1,8,8_6,7,25/10/2017,2,1,10/11/2017,16,0,1
1,8,8_7,4,22/10/2017,5,4,29/10/2017,7,0,4
1,8,8_8,3,21/10/2017,5,3,29/10/2017,8,1,2
1,8,8_10,7,25/10/2017,5,5,29/10/2017,4,0,5
1,8,8_11,6,24/10/2017,5,5,06/11/2017,13,0,5
1,8,8_13,2,20/10/2017,5,2,22/10/2017,2,0,2
1,8,8_14,5,23/10/2017,5,3,29/10/2017,6,0,3
1,8,8_15,2,20/10/2017,5,1,22/10/2017,2,0,1
1,8,8_16,5,23/10/2017,3,0,22/11/2017,30,0,0
1,8,8_17,4,22/10/2017,5,2,25/10/2017,3,0,2
1,8,8_18,1,19/10/2017,5,2,29/10/2017,10,0,2
1,8,8_20,6,24/10/2017,5,5,10/11/2017,17,0,5
1,8,8_21,4,22/10/2017,5,3,29/10/2017,7,0,3
1,8,8_22,1,19/10/2017,5,0,22/10/2017,3,0,0
1,8,8_23,7,25/10/2017,5,4,10/11/2017,16,0,4
1,8,8_24,1,19/10/2017,5,2,22/10/2017,3,0,2
1,8,8_25,2,20/10/2017,5,4,25/10/2017,5,0,4
1,8,8_26,3,21/10/2017,5,3,29/10/2017,8,0,3
1,8,8_27,3,21/10/2017,5,3,29/10/2017,8,0,3
1,9,9_1,3,21/10/2017,5,4,25/10/2017,4,0,4
1,9,9_2,7,25/10/2017,5,3,29/10/2017,4,0,3
1,9,9_5,2,20/10/2017,5,4,22/10/2017,2,0,4
1,9,9_6,4,22/10/2017,5,5,25/10/2017,3,0,5
1,9,9_7,6,24/10/2017,3,3,29/10/2017,5,0,3
1,9,9_8,2,20/10/2017,5,3,22/10/2017,2,0,3
1,9,9_9,2,20/10/2017,4,0,NA,NA,NA,NA
1,9,9_10,5,23/10/2017,5,2,29/10/2017,6,0,2
1,9,9_11,4,22/10/2017,5,5,25/10/2017,3,0,5
1,9,9_12,4,22/10/2017,4,4,25/10/2017,3,0,4
1,9,9_13,3,21/10/2017,5,2,25/10/2017,4,0,2
1,9,9_14,4,22/10/2017,2,2,29/10/2017,7,0,2
1,9,9_15,6,24/10/2017,5,3,29/10/2017,5,0,3
1,9,9_16,7,25/10/2017,5,0,22/11/2017,28,0,0
1,9,9_17,1,19/10/2017,5,4,22/10/2017,3,0,4
1,9,9_18,6,24/10/2017,4,3,06/11/2017,13,0,3
1,9,9_19,3,21/10/2017,4,2,29/10/2017,8,0,2
1,9,9_20,6,24/10/2017,5,2,29/10/2017,5,1,1
1,9,9_21,2,20/10/2017,5,5,25/10/2017,5,0,5
1,9,9_23,7,25/10/2017,5,4,06/11/2017,12,0,4
1,9,9_24,1,19/10/2017,5,4,25/10/2017,6,0,4
1,9,9_25,1,19/10/2017,2,0,22/10/2017,3,0,0
1,9,9_26,6,24/10/2017,1,0,NA,NA,NA,NA
1,9,9_27,1,19/10/2017,5,2,22/10/2017,3,0,2
1,9,9_28,5,23/10/2017,5,5,29/10/2017,6,1,4
1,9,9_29,5,23/10/2017,5,2,29/10/2017,6,0,2
1,9,9_30,7,25/10/2017,5,4,06/11/2017,12,0,4
1,9,9_31,5,23/10/2017,5,5,06/11/2017,14,0,5
1,9,9_32,3,21/10/2017,5,3,29/10/2017,8,0,3
1,9,9_34,5,23/10/2017,5,1,10/11/2017,18,0,1
1,10,10_1,3,21/10/2017,5,4,29/10/2017,8,0,4
1,10,10_2,1,19/10/2017,5,3,10/11/2017,22,0,3
1,10,10_3,6,24/10/2017,5,5,06/11/2017,13,0,5
1,10,10_4,3,21/10/2017,5,2,25/10/2017,4,0,2
1,10,10_5,4,22/10/2017,5,5,29/10/2017,7,0,5
1,10,10_6,4,22/10/2017,2,2,15/11/2017,24,0,2
1,10,10_7,1,19/10/2017,5,4,29/10/2017,10,0,4
1,10,10_8,7,25/10/2017,5,3,10/11/2017,16,0,3
1,10,10_9,5,23/10/2017,5,3,06/11/2017,14,0,3
1,10,10_10,7,25/10/2017,3,1,29/10/2017,4,0,1
1,10,10_12,3,21/10/2017,5,5,25/10/2017,4,0,5
1,10,10_13,7,25/10/2017,5,5,06/11/2017,12,0,5
1,10,10_14,5,23/10/2017,1,1,25/10/2017,2,0,1
1,10,10_15,3,21/10/2017,5,5,25/10/2017,4,0,5
1,10,10_16,2,20/10/2017,2,2,29/10/2017,9,0,2
1,10,10_18,2,20/10/2017,2,2,22/10/2017,2,0,2
1,10,10_19,5,23/10/2017,5,5,29/10/2017,6,0,5
1,10,10_20,1,19/10/2017,4,3,25/10/2017,6,0,3
1,10,10_22,6,24/10/2017,5,5,02/11/2017,9,0,5
1,10,10_23,6,24/10/2017,5,4,15/11/2017,22,0,4
1,10,10_24,4,22/10/2017,1,1,25/10/2017,3,0,1
1,10,10_25,1,19/10/2017,5,4,22/10/2017,3,0,4
1,10,10_26,7,25/10/2017,5,3,02/11/2017,8,0,3
1,10,10_27,5,23/10/2017,5,4,10/11/2017,18,0,4
1,10,10_28,2,20/10/2017,5,5,06/11/2017,17,0,5
1,10,10_29,6,24/10/2017,5,4,06/11/2017,13,0,4
1,10,10_30,2,20/10/2017,5,5,25/10/2017,5,0,5
1,10,10_11A,5,23/10/2017,5,4,29/10/2017,6,0,4
1,11,11_1,3,21/10/2017,5,5,25/10/2017,4,0,5
1,11,11_3,7,25/10/2017,5,5,06/11/2017,12,0,5
1,11,11_5,5,23/10/2017,5,5,29/10/2017,6,0,5
1,11,11_6,1,19/10/2017,5,3,22/10/2017,3,0,3
1,11,11_7,2,20/10/2017,5,4,06/11/2017,17,0,4
1,11,11_8,4,22/10/2017,5,1,29/10/2017,7,0,1
1,11,11_9,5,23/10/2017,5,5,29/10/2017,6,0,5
1,11,11_10,6,24/10/2017,5,4,29/10/2017,5,0,4
1,11,11_11,1,19/10/2017,5,1,22/10/2017,3,0,1
1,11,11_12,2,20/10/2017,3,3,22/10/2017,2,0,3
1,11,11_13,3,21/10/2017,5,4,25/10/2017,4,0,4
1,11,11_14,3,21/10/2017,5,1,29/10/2017,8,0,1
1,11,11_15,5,23/10/2017,5,2,29/10/2017,6,0,2
1,11,11_16,7,25/10/2017,5,3,10/11/2017,16,0,3
1,11,11_17,2,20/10/2017,5,3,22/10/2017,2,0,3
1,11,11_18,2,20/10/2017,5,3,25/10/2017,5,0,3
1,11,11_20,7,25/10/2017,5,2,06/11/2017,12,0,2
1,11,11_21,3,21/10/2017,5,3,25/10/2017,4,0,3
1,11,11_22,6,24/10/2017,5,2,29/10/2017,5,0,2
1,11,11_23,7,25/10/2017,5,3,06/11/2017,12,0,3
1,11,11_24,6,24/10/2017,5,3,06/11/2017,13,0,3
1,11,11_25,5,23/10/2017,5,4,15/11/2017,23,0,4
1,11,11_26,4,22/10/2017,5,4,29/10/2017,7,0,4
1,11,11_27,4,22/10/2017,5,3,29/10/2017,7,0,3
1,11,11_30,1,19/10/2017,5,4,25/10/2017,6,0,4
1,11,11_31,6,24/10/2017,5,1,06/11/2017,13,0,1
1,11,11_33,1,19/10/2017,5,1,22/10/2017,3,0,1
1,11,11_34,7,25/10/2017,5,3,29/10/2017,4,1,2
1,11,11_37,2,20/10/2017,5,4,22/10/2017,2,0,4
1,11,11_38,4,22/10/2017,5,5,29/10/2017,7,0,5
1,12,12_1,3,21/10/2017,5,4,06/11/2017,16,0,4
1,12,12_3,2,20/10/2017,2,2,25/10/2017,5,0,2
1,12,12_4,6,24/10/2017,5,1,06/11/2017,13,0,1
1,12,12_5,3,21/10/2017,5,5,29/10/2017,8,0,5
1,12,12_6,4,22/10/2017,5,5,29/10/2017,7,0,5
1,12,12_7,5,23/10/2017,5,5,29/10/2017,6,0,5
1,12,12_8,1,19/10/2017,5,4,25/10/2017,6,0,4
1,12,12_9,4,22/10/2017,5,5,29/10/2017,7,0,5
1,12,12_11,6,24/10/2017,5,4,06/11/2017,13,0,4
1,12,12_12,2,20/10/2017,5,5,25/10/2017,5,0,5
1,12,12_13,4,22/10/2017,5,3,29/10/2017,7,0,3
1,12,12_14,3,21/10/2017,5,3,25/10/2017,4,0,3
1,12,12_15,6,24/10/2017,2,1,29/10/2017,5,0,1
1,12,12_16,5,23/10/2017,5,2,06/11/2017,14,0,2
1,12,12_17,5,23/10/2017,3,3,29/10/2017,6,0,3
1,12,12_18,6,24/10/2017,3,3,29/10/2017,5,0,3
1,12,12_19,7,25/10/2017,5,3,29/10/2017,4,3,1
1,12,12_20,5,23/10/2017,5,5,10/11/2017,18,0,5
1,12,12_21,1,19/10/2017,2,2,22/10/2017,3,0,2
1,12,12_22,2,20/10/2017,5,3,29/10/2017,9,0,3
1,12,12_23,1,19/10/2017,5,4,29/10/2017,10,0,4
1,12,12_24,4,22/10/2017,5,4,29/10/2017,7,0,4
1,12,12_27,5,23/10/2017,3,2,06/11/2017,14,0,2
1,12,12_29,7,25/10/2017,4,1,06/11/2017,12,0,1
1,12,12_35,4,22/10/2017,4,4,29/10/2017,7,0,4
1,12,12_36,2,20/10/2017,2,0,NA,NA,NA,NA
1,12,12_38,7,25/10/2017,4,1,06/11/2017,12,0,1
1,12,12_39,3,21/10/2017,3,1,29/10/2017,8,0,1
1,12,12_40,1,19/10/2017,4,3,25/10/2017,6,0,3
1,12,12_43,7,25/10/2017,4,2,02/11/2017,8,0,2
1,13,13_1,1,19/10/2017,5,2,22/10/2017,3,0,2
1,13,13_2,4,22/10/2017,5,4,29/10/2017,7,0,4
1,13,13_3,1,19/10/2017,5,0,22/10/2017,3,0,0
1,13,13_4,6,24/10/2017,3,3,29/10/2017,5,1,2
1,13,13_5,4,22/10/2017,5,3,29/10/2017,7,0,3
1,13,13_6,1,19/10/2017,5,3,29/10/2017,10,0,3
1,13,13_8,3,21/10/2017,5,2,06/11/2017,16,0,2
1,13,13_9,7,25/10/2017,5,1,06/11/2017,12,0,1
1,13,13_10,1,19/10/2017,5,2,25/10/2017,6,0,2
1,13,13_11,4,22/10/2017,4,4,25/10/2017,3,0,4
1,13,13_12,5,23/10/2017,5,5,29/10/2017,6,0,5
1,13,13_13,2,20/10/2017,5,5,25/10/2017,5,0,5
1,13,13_14,3,21/10/2017,5,5,25/10/2017,4,0,5
1,13,13_15,3,21/10/2017,5,4,25/10/2017,4,0,4
1,13,13_16,4,22/10/2017,5,5,29/10/2017,7,0,5
1,13,13_17,5,23/10/2017,2,0,NA,NA,NA,NA
1,13,13_18,2,20/10/2017,5,1,25/10/2017,5,0,1
1,13,13_19,5,23/10/2017,5,5,06/11/2017,14,0,5
1,13,13_20,2,20/10/2017,5,3,25/10/2017,5,0,3
1,13,13_21,2,20/10/2017,5,3,29/10/2017,9,0,3
1,13,13_22,7,25/10/2017,5,2,29/10/2017,4,0,2
1,13,13_23,5,23/10/2017,5,5,29/10/2017,6,0,5
1,13,13_24,1,19/10/2017,5,2,25/10/2017,6,0,2
1,13,13_25,6,24/10/2017,2,2,29/10/2017,5,0,2
1,13,13_26,7,25/10/2017,4,0,NA,NA,NA,NA
1,13,13_27,6,24/10/2017,1,0,NA,NA,NA,NA
1,13,13_28,6,24/10/2017,3,1,06/11/2017,13,0,1
1,13,13_29,3,21/10/2017,2,0,NA,NA,NA,NA
1,13,13_30,7,25/10/2017,2,0,NA,NA,NA,NA
1,13,13_31,4,22/10/2017,4,2,29/10/2017,7,0,2
1,14,14_4,5,23/10/2017,3,0,NA,NA,NA,NA
1,14,14_12,6,24/10/2017,5,0,22/11/2017,29,0,0
1,14,14_13,7,25/10/2017,4,1,29/10/2017,4,1,1
1,14,14_19,4,22/10/2017,2,2,29/10/2017,7,0,2
1,14,14_20,6,24/10/2017,4,4,29/10/2017,5,0,4
1,14,14_25,4,22/10/2017,5,0,NA,NA,NA,NA
1,14,14_26,7,25/10/2017,5,0,NA,NA,NA,NA
1,14,14_30,3,21/10/2017,2,0,NA,NA,NA,NA
1,15,15_1,7,25/10/2017,5,4,06/11/2017,12,0,4
1,15,15_2,5,23/10/2017,5,2,29/10/2017,6,0,2
1,15,15_3,1,19/10/2017,5,3,10/11/2017,22,0,3
1,15,15_4,1,19/10/2017,5,2,22/10/2017,3,0,2
1,15,15_5,2,20/10/2017,5,3,25/10/2017,5,0,3
1,15,15_6,3,21/10/2017,5,3,29/10/2017,8,0,3
1,15,15_7,2,20/10/2017,5,2,22/10/2017,2,0,2
1,15,15_8,5,23/10/2017,5,5,29/10/2017,6,0,5
1,15,15_9,7,25/10/2017,5,2,06/11/2017,12,0,2
1,15,15_10,4,22/10/2017,5,2,25/10/2017,3,0,2
1,15,15_11,6,24/10/2017,5,1,10/11/2017,17,0,1
1,15,15_12,2,20/10/2017,5,3,25/10/2017,5,0,3
1,15,15_14,7,25/10/2017,5,2,06/11/2017,12,0,2
1,15,15_15,2,20/10/2017,5,4,29/10/2017,9,0,4
1,15,15_16,5,23/10/2017,5,5,06/11/2017,14,0,5
1,15,15_17,1,19/10/2017,5,4,22/10/2017,3,0,4
1,15,15_18,5,23/10/2017,5,5,29/10/2017,6,0,5
1,15,15_19,1,19/10/2017,5,4,25/10/2017,6,0,4
1,15,15_20,3,21/10/2017,5,3,29/10/2017,8,0,3
1,15,15_21,3,21/10/2017,5,1,29/10/2017,8,0,1
1,15,15_22,6,24/10/2017,5,2,06/11/2017,13,0,2
1,15,15_23,4,22/10/2017,5,1,29/10/2017,7,0,1
1,15,15_24,3,21/10/2017,5,1,29/10/2017,8,0,1
1,15,15_25,6,24/10/2017,5,1,06/11/2017,13,0,1
1,15,15_26,4,22/10/2017,5,5,29/10/2017,7,0,5
1,15,15_27,7,25/10/2017,5,1,29/10/2017,4,0,1
1,15,15_28,6,24/10/2017,5,4,10/11/2017,17,0,4
1,15,15_29,4,22/10/2017,5,2,25/10/2017,3,0,2
1,15,15_30,1,19/10/2017,5,3,22/10/2017,3,0,3
1,15,15_31,7,25/10/2017,5,4,02/11/2017,8,0,4
1,15,15_32,3,21/10/2017,5,2,29/10/2017,8,0,2
1,16,16_1,3,21/10/2017,2,0,NA,NA,NA,NA
1,16,16_2,6,24/10/2017,5,0,NA,NA,NA,NA
1,16,16_3,3,21/10/2017,2,0,22/11/2017,32,0,0
1,16,16_4,2,20/10/2017,2,0,NA,NA,NA,NA
1,16,16_6,3,21/10/2017,5,0,NA,NA,NA,NA
1,16,16_9,5,23/10/2017,3,1,29/10/2017,6,0,1
1,16,16_9,1,19/10/2017,3,0,22/10/2017,3,0,0
1,16,16_10,7,25/10/2017,5,0,NA,NA,NA,NA
1,16,16_11,5,23/10/2017,3,0,NA,NA,NA,NA
1,16,16_12,4,22/10/2017,5,0,22/11/2017,31,0,0
1,16,16_13,7,25/10/2017,5,4,06/11/2017,12,0,4
1,16,16_14,2,20/10/2017,5,0,NA,NA,NA,NA
1,16,16_15,1,19/10/2017,3,0,22/10/2017,3,0,0
1,16,16_16,7,25/10/2017,2,0,NA,NA,NA,NA
1,16,16_17,4,22/10/2017,5,0,NA,NA,NA,NA
1,16,16_20,2,20/10/2017,3,0,NA,NA,NA,NA
1,16,16_21,2,20/10/2017,5,5,22/10/2017,2,1,4
1,16,16_22,5,23/10/2017,5,0,NA,NA,NA,NA
1,16,16_23,6,24/10/2017,5,1,06/11/2017,13,0,1
1,16,16_24,6,24/10/2017,5,1,29/10/2017,5,0,1
1,16,16_25,5,23/10/2017,5,0,NA,NA,NA,NA
1,16,16_27,1,19/10/2017,5,0,22/10/2017,3,0,0
1,16,16_28,3,21/10/2017,5,0,NA,NA,NA,NA
1,16,16_29,5,23/10/2017,4,0,NA,NA,NA,NA
1,19,19_2,6,24/10/2017,5,3,29/10/2017,5,0,3
1,19,19_3,6,24/10/2017,5,5,29/10/2017,5,0,5
1,19,19_4,3,21/10/2017,5,2,25/10/2017,4,0,2
1,19,19_5,7,25/10/2017,5,5,29/10/2017,4,0,5
1,19,19_6,7,25/10/2017,5,3,29/10/2017,4,0,3
1,19,19_7,5,23/10/2017,5,5,06/11/2017,14,0,5
1,19,19_8,4,22/10/2017,5,1,06/11/2017,15,0,1
1,19,19_9,6,24/10/2017,5,3,29/10/2017,5,0,3
1,19,19_10,1,19/10/2017,5,3,25/10/2017,6,0,3
1,19,19_11,1,19/10/2017,5,5,25/10/2017,6,0,5
1,19,19_12,4,22/10/2017,5,5,29/10/2017,7,0,5
1,19,19_13,5,23/10/2017,5,5,06/11/2017,14,0,5
1,19,19_14,4,22/10/2017,5,5,25/10/2017,3,0,5
1,19,19_15,7,25/10/2017,5,5,06/11/2017,12,0,5
1,19,19_16,4,22/10/2017,5,4,29/10/2017,7,0,4
1,19,19_17,2,20/10/2017,5,3,22/10/2017,2,0,3
1,19,19_18,2,20/10/2017,5,5,25/10/2017,5,0,5
1,19,19_19,4,22/10/2017,5,4,25/10/2017,3,0,4
1,19,19_20,5,23/10/2017,5,2,29/10/2017,6,0,2
1,19,19_21,1,19/10/2017,5,4,22/10/2017,3,0,4
1,19,19_22,7,25/10/2017,5,2,06/11/2017,12,0,2
1,19,19_23,6,24/10/2017,5,5,10/11/2017,17,0,5
1,19,19_24,5,23/10/2017,5,4,10/11/2017,18,0,4
1,19,19_25,3,21/10/2017,5,3,10/11/2017,20,0,3
1,19,19_26,1,19/10/2017,5,3,22/10/2017,3,0,3
1,19,19_27,2,20/10/2017,5,4,25/10/2017,5,0,4
1,19,19_28,2,20/10/2017,5,5,29/10/2017,9,0,5
1,19,19_30,6,24/10/2017,5,4,06/11/2017,13,0,4
1,19,19_31,3,21/10/2017,5,0,NA,NA,NA,NA
1,19,19_32,3,21/10/2017,5,3,29/10/2017,8,0,3
1,BH,BH_1,3,21/10/2017,5,5,25/10/2017,4,0,5
1,BH,BH_2,7,25/10/2017,4,3,29/10/2017,4,0,3
1,BH,BH_3,2,20/10/2017,5,5,22/10/2017,2,0,5
1,BH,BH_4,5,23/10/2017,5,3,29/10/2017,6,0,3
1,BH,BH_5,6,24/10/2017,5,5,29/10/2017,5,0,5
1,BH,BH_7,1,19/10/2017,5,5,22/10/2017,3,0,5
1,BH,BH_8,4,22/10/2017,5,5,25/10/2017,3,0,5
1,BH,BH_9,4,22/10/2017,5,5,29/10/2017,7,0,5
1,BH,BH_10,6,24/10/2017,5,5,06/11/2017,13,0,5
1,BH,BH_11,5,23/10/2017,4,4,10/11/2017,18,0,4
1,BH,BH_12,2,20/10/2017,5,3,29/10/2017,9,0,3
1,BH,BH_13,1,19/10/2017,4,4,22/10/2017,3,0,4
1,Bro,Bro_1,5,23/10/2017,5,4,06/11/2017,14,0,4
1,Bro,Bro_2,2,20/10/2017,NA,4,29/10/2017,9,0,4
1,Bro,Bro_3,7,25/10/2017,5,4,06/11/2017,12,0,4
1,Bro,Bro_4,5,23/10/2017,5,4,29/10/2017,6,0,4
1,Bro,Bro_5,2,20/10/2017,5,4,06/11/2017,17,0,4
1,Bro,Bro_6,4,22/10/2017,5,5,29/10/2017,7,0,5
1,Bro,Bro_7,3,21/10/2017,3,1,25/10/2017,4,0,1
1,Bro,Bro_8,3,21/10/2017,5,4,29/10/2017,8,0,4
1,Bro,Bro_9,2,20/10/2017,4,2,22/10/2017,2,0,2
1,Bro,Bro_10,1,19/10/2017,5,4,22/10/2017,3,0,4
1,Bro,Bro_21,4,22/10/2017,5,2,29/10/2017,7,0,2
1,Bro,Bro_22,1,19/10/2017,5,4,25/10/2017,6,0,4
1,Bro,Bro_23,4,22/10/2017,5,3,29/10/2017,7,0,3
1,Bro,Bro_24,6,24/10/2017,5,3,29/10/2017,5,0,3
1,Bro,Bro_25,4,22/10/2017,3,3,06/11/2017,15,0,3
1,Bro,Bro_26,1,19/10/2017,5,4,10/11/2017,22,0,4
1,Bro,Bro_27,1,19/10/2017,5,5,29/10/2017,10,0,5
1,Bro,Bro_28,6,24/10/2017,5,5,10/11/2017,17,0,5
1,Bro,Bro_29,7,25/10/2017,5,0,22/11/2017,28,0,0
1,Bro,Bro_30,5,23/10/2017,5,2,29/10/2017,6,0,2
1,Bro,Bro_31,5,23/10/2017,5,0,NA,NA,NA,NA
1,Bro,Bro_32,3,21/10/2017,5,2,10/11/2017,20,0,2
1,Bro,Bro_33,6,24/10/2017,5,1,29/10/2017,5,0,1
1,Bro,Bro_34,6,24/10/2017,5,3,10/11/2017,17,0,3
1,Bro,Bro_35,2,20/10/2017,5,1,25/10/2017,5,0,1
1,Bro,Bro_36,3,21/10/2017,5,2,25/10/2017,4,0,2
1,Bro,Bro_37,2,20/10/2017,5,4,25/10/2017,5,0,4
1,Bro,Bro_38,7,25/10/2017,5,5,06/11/2017,12,0,5
1,Bro,Bro_39,7,25/10/2017,5,3,06/11/2017,12,0,3
1,CGa1,CGa1_1,6,24/10/2017,5,5,29/10/2017,5,0,5
1,CGa1,CGa1_2,6,24/10/2017,5,4,06/11/2017,13,0,4
1,CGa1,CGa1_3,2,20/10/2017,4,0,22/11/2017,33,0,0
1,CGa1,CGa1_4,1,19/10/2017,5,3,15/11/2017,27,0,3
1,CGa1,CGa1_5,7,25/10/2017,5,4,06/11/2017,12,0,4
1,CGa1,CGa1_6,5,23/10/2017,5,5,06/11/2017,14,0,5
1,CGa1,CGa1_7,3,21/10/2017,5,3,10/11/2017,20,0,3
1,CGa1,CGa1_8,7,25/10/2017,5,4,29/10/2017,4,0,4
1,CGa1,CGa1_9,7,25/10/2017,5,1,06/11/2017,12,0,1
1,CGa1,CGa1_10,1,19/10/2017,5,5,25/10/2017,6,0,5
1,CGa1,CGa1_11,5,23/10/2017,5,4,06/11/2017,14,0,4
1,CGa1,CGa1_12,6,24/10/2017,5,5,06/11/2017,13,0,5
1,CGa1,CGa1_13,4,22/10/2017,5,5,29/10/2017,7,0,5
1,CGa1,CGa1_14,2,20/10/2017,5,1,29/10/2017,9,0,1
1,CGa1,CGa1_15,1,19/10/2017,5,1,29/10/2017,10,0,1
1,CGa1,CGa1_16,3,21/10/2017,5,5,25/10/2017,4,0,5
1,CGa1,CGa1_17,4,22/10/2017,5,4,10/11/2017,19,0,4
1,CGa1,CGa1_18,2,20/10/2017,5,0,22/11/2017,33,0,0
1,CGa1,CGa1_19,4,22/10/2017,5,5,06/11/2017,15,0,5
1,CGa1,CGa1_20,5,23/10/2017,5,2,06/11/2017,14,0,2
1,CGa1,CGa1_21,3,21/10/2017,5,5,29/10/2017,8,0,5
1,CR,CR_1,4,22/10/2017,5,4,10/11/2017,19,0,4
1,CR,CR_3,3,21/10/2017,5,5,29/10/2017,8,0,5
1,CR,CR_4,6,24/10/2017,5,5,06/11/2017,13,0,5
1,CR,CR_5,4,22/10/2017,5,4,25/10/2017,3,0,4
1,CR,CR_6,4,22/10/2017,5,5,29/10/2017,7,0,5
1,CR,CR_7,3,21/10/2017,5,5,25/10/2017,4,0,5
1,CR,CR_8,5,23/10/2017,5,4,06/11/2017,14,0,4
1,CR,CR_9,1,19/10/2017,5,3,25/10/2017,6,0,3
1,CR,CR_10,7,25/10/2017,5,4,06/11/2017,12,0,4
1,CR,CR_11,6,24/10/2017,5,3,29/10/2017,5,0,3
1,CR,CR_12,7,25/10/2017,5,5,06/11/2017,12,0,5
1,CR,CR_13,5,23/10/2017,5,5,10/11/2017,18,0,5
1,CR,CR_14,4,22/10/2017,5,4,29/10/2017,7,0,4
1,CR,CR_15,7,25/10/2017,5,3,06/11/2017,12,0,3
1,CR,CR_16,5,23/10/2017,5,3,06/11/2017,14,0,3
1,CR,CR_18,2,20/10/2017,5,4,25/10/2017,5,0,4
1,CR,CR_19,1,19/10/2017,5,5,22/10/2017,3,0,5
1,CR,CR_21,2,20/10/2017,5,5,10/11/2017,21,0,5
1,CR,CR_22,3,21/10/2017,5,5,10/11/2017,20,0,5
1,CR,CR_24,3,21/10/2017,5,5,25/10/2017,4,0,5
1,CR,CR_25,5,23/10/2017,5,3,29/10/2017,6,0,3
1,CR,CR_26,1,19/10/2017,5,4,22/10/2017,3,0,4
1,CR,CR_27,1,19/10/2017,5,5,22/10/2017,3,0,5
1,CR,CR_28,7,25/10/2017,5,3,02/11/2017,8,0,3
1,CR,CR_29,1,19/10/2017,5,5,10/11/2017,22,0,5
1,CR,CR_30,3,21/10/2017,5,3,25/10/2017,4,0,3
1,CR,CR_31,2,20/10/2017,5,3,25/10/2017,5,0,3
1,CR,CR_32,6,24/10/2017,5,5,06/11/2017,13,0,5
1,CR,CR_33,6,24/10/2017,5,4,29/10/2017,5,0,4
1,CR,CR_35,2,20/10/2017,5,4,22/10/2017,2,0,4
1,Eden,Eden_1,1,19/10/2017,5,5,25/10/2017,6,0,5
1,Eden,Eden_2,2,20/10/2017,5,4,22/10/2017,2,0,4
1,Eden,Eden_3,3,21/10/2017,5,4,25/10/2017,4,0,4
1,Eden,Eden_4,4,22/10/2017,5,5,29/10/2017,7,0,5
1,Eden,Eden_5,5,23/10/2017,5,5,29/10/2017,6,0,5
1,Eden,Eden_6,6,24/10/2017,5,5,29/10/2017,5,0,5
1,Eden,Eden_7,7,25/10/2017,5,3,06/11/2017,12,0,3
1,Eden,Eden_22,2,20/10/2017,5,5,25/10/2017,5,0,5
1,Eden,Eden_77,7,25/10/2017,5,3,29/10/2017,4,0,3
1,IOW2,IOW2_1,5,23/10/2017,2,2,29/10/2017,6,0,2
1,IOW2,IOW2_2,5,23/10/2017,4,3,10/11/2017,18,0,3
1,IOW2,IOW2_3,3,21/10/2017,5,5,25/10/2017,4,0,5
1,IOW2,IOW2_4,2,20/10/2017,3,3,22/10/2017,2,0,3
1,IOW2,IOW2_5,7,25/10/2017,3,0,NA,NA,NA,NA
1,IOW2,IOW2_6,1,19/10/2017,2,1,22/10/2017,3,0,1
1,IOW2,IOW2_7,2,20/10/2017,3,3,22/10/2017,2,0,3
1,IOW2,IOW2_8,3,21/10/2017,5,4,25/10/2017,4,0,4
1,IOW2,IOW2_9,1,19/10/2017,5,5,29/10/2017,10,0,5
1,IOW2,IOW2_10,6,24/10/2017,5,5,06/11/2017,13,0,5
1,IOW2,IOW2_11,1,19/10/2017,5,4,25/10/2017,6,0,4
1,IOW2,IOW2_12,4,22/10/2017,2,2,10/11/2017,19,0,2
1,IOW2,IOW2_13,6,24/10/2017,2,1,29/10/2017,5,0,1
1,IOW2,IOW2_14,3,21/10/2017,5,4,25/10/2017,4,0,4
1,IOW2,IOW2_15,5,23/10/2017,5,2,29/10/2017,6,0,2
1,IOW2,IOW2_16,4,22/10/2017,5,5,29/10/2017,7,0,5
1,IOW2,IOW2_17,3,21/10/2017,4,2,25/10/2017,4,0,2
1,IOW2,IOW2_18,4,22/10/2017,5,5,25/10/2017,3,0,5
1,IOW2,IOW2_19,6,24/10/2017,2,1,29/10/2017,5,0,1
1,IOW2,IOW2_20,7,25/10/2017,3,2,29/10/2017,4,0,2
1,IOW2,IOW2_21,7,25/10/2017,2,0,NA,NA,NA,NA
1,IOW2,IOW2_22,5,23/10/2017,2,2,06/11/2017,14,0,2
1,IOW2,IOW2_23,4,22/10/2017,3,1,29/10/2017,7,0,1
1,IOW2,IOW2_24,1,19/10/2017,5,4,22/10/2017,3,0,4
1,IOW2,IOW2_25,1,19/10/2017,5,5,25/10/2017,6,0,5
1,IOW2,IOW2_26,2,20/10/2017,5,5,25/10/2017,5,0,5
1,IOW2,IOW2_27,7,25/10/2017,5,4,29/10/2017,4,0,4
1,IOW2,IOW2_28,3,21/10/2017,5,5,25/10/2017,4,0,5
1,IOW2,IOW2_29,2,20/10/2017,3,3,25/10/2017,5,0,3
1,IOW2,IOW2_30,6,24/10/2017,5,4,29/10/2017,5,0,4
1,Lil,Lil_1,6,24/10/2017,5,4,29/10/2017,5,0,4
1,Lil,Lil_2,2,20/10/2017,2,2,22/10/2017,2,0,2
1,Lil,Lil_3,7,25/10/2017,3,2,29/10/2017,4,0,2
1,Lil,Lil_5,5,23/10/2017,2,2,29/10/2017,6,0,2
1,Lil,Lil_6,6,24/10/2017,5,1,29/10/2017,5,0,1
1,Lil,Lil_8,7,25/10/2017,5,5,29/10/2017,4,0,5
1,Lil,Lil_9,3,21/10/2017,2,2,25/10/2017,4,0,2
1,Lil,Lil_10,2,20/10/2017,8,3,22/10/2017,2,0,3
1,Lil,Lil_11,4,22/10/2017,5,5,25/10/2017,3,0,5
1,Lil,Lil_12,3,21/10/2017,2,1,25/10/2017,4,0,1
1,Lil,Lil_14,5,23/10/2017,4,0,NA,NA,NA,NA
1,Lil,Lil_15,1,19/10/2017,2,1,06/11/2017,18,0,1
1,Lil,Lil_16,6,24/10/2017,5,1,29/10/2017,5,0,1
1,Lil,Lil_17,1,19/10/2017,5,3,22/10/2017,3,0,3
1,Lil,Lil_18,2,20/10/2017,5,2,22/10/2017,2,0,2
1,Lil,Lil_19,1,19/10/2017,5,4,22/10/2017,3,0,4
1,Lil,Lil_20,3,21/10/2017,5,4,25/10/2017,4,1,3
1,Lil,Lil_21,4,22/10/2017,5,5,25/10/2017,3,1,4
1,Lil,Lil_22,5,23/10/2017,5,5,29/10/2017,6,0,5
1,Lil,Lil_23,4,22/10/2017,4,0,NA,NA,NA,NA
1,Lil,Lil_24,7,25/10/2017,5,5,10/11/2017,16,0,5
1,LJLb1,LJLb1_1,1,19/10/2017,5,0,22/10/2017,3,0,0
1,LJLb1,LJLb1_2,5,23/10/2017,5,3,29/10/2017,6,1,2
1,LJLb1,LJLb1_5,2,20/10/2017,2,2,25/10/2017,5,0,2
1,LJLb1,LJLb1_6,5,23/10/2017,5,2,29/10/2017,6,0,2
1,LJLb1,LJLb1_7,7,25/10/2017,5,4,29/10/2017,4,0,4
1,LJLb1,LJLb1_8,6,24/10/2017,4,3,29/10/2017,5,0,3
1,LJLb1,LJLb1_9,6,24/10/2017,5,2,29/10/2017,5,0,2
1,LJLb1,LJLb1_10,4,22/10/2017,5,4,29/10/2017,7,0,4
1,LJLb1,LJLb1_11,1,19/10/2017,5,2,25/10/2017,6,0,2
1,LJLb1,LJLb1_13,3,21/10/2017,5,3,25/10/2017,4,0,3
1,LJLb1,LJLb1_15,1,19/10/2017,5,2,10/11/2017,22,0,2
1,LJLb1,LJLb1_18,4,22/10/2017,5,5,25/10/2017,3,0,5
1,LJLb1,LJLb1_19,4,22/10/2017,3,3,25/10/2017,3,0,3
1,LJLb1,LJLb1_24,3,21/10/2017,5,4,25/10/2017,4,0,4
1,LJLb1,LJLb1_25,2,20/10/2017,5,1,22/10/2017,2,0,1
1,LJLb1,LJLb1_26,7,25/10/2017,5,1,06/11/2017,12,0,1
1,Lla,Lla_1,5,23/10/2017,4,2,10/11/2017,18,0,2
1,Lla,Lla_2,7,25/10/2017,4,4,06/11/2017,12,0,4
1,Lla,Lla_3,5,23/10/2017,5,4,29/10/2017,6,0,4
1,Lla,Lla_4,1,19/10/2017,5,1,22/10/2017,3,0,1
1,Lla,Lla_5,7,25/10/2017,5,3,29/10/2017,4,0,3
1,Lla,Lla_8,6,24/10/2017,4,3,06/11/2017,13,0,3
1,Lla,Lla_9,2,20/10/2017,5,4,22/10/2017,2,0,4
1,Lla,Lla_10,7,25/10/2017,5,3,10/11/2017,16,0,3
1,Lla,Lla_11,7,25/10/2017,5,4,06/11/2017,12,0,4
1,Lla,Lla_12,3,21/10/2017,5,5,25/10/2017,4,2,3
1,Lla,Lla_13,4,22/10/2017,5,5,29/10/2017,7,0,5
1,Lla,Lla_14,6,24/10/2017,5,3,29/10/2017,5,0,3
1,Lla,Lla_16,3,21/10/2017,3,3,25/10/2017,4,0,3
1,Lla,Lla_17,2,20/10/2017,5,1,25/10/2017,5,0,1
1,Lla,Lla_18,3,21/10/2017,3,3,25/10/2017,4,0,3
1,Lla,Lla_19,3,21/10/2017,5,5,25/10/2017,4,1,4
1,Lla,Lla_22,4,22/10/2017,5,5,25/10/2017,3,0,5
1,Lla,Lla_26,2,20/10/2017,4,3,25/10/2017,5,0,3
1,Lla,Lla_28,2,20/10/2017,5,4,25/10/2017,5,0,4
1,Lla,Lla_29,5,23/10/2017,5,5,29/10/2017,6,0,5
1,Lla,Lla_30,5,23/10/2017,3,2,29/10/2017,6,0,2
1,Lla,Lla_31,5,23/10/2017,3,3,29/10/2017,6,0,3
1,Lla,Lla_32,4,22/10/2017,5,5,25/10/2017,3,0,5
1,Lla,Lla_33,6,24/10/2017,3,3,29/10/2017,5,0,3
1,Lla,Lla_34,3,21/10/2017,5,3,06/11/2017,16,0,3
1,Lla,Lla_35,1,19/10/2017,2,2,22/10/2017,3,0,2
1,Lla,Lla_A,1,19/10/2017,4,4,22/10/2017,3,1,3
1,Lla,Lla_B,6,24/10/2017,4,2,29/10/2017,5,0,2
1,Lla,Lla_C,4,22/10/2017,5,5,25/10/2017,3,0,5
1,Lla,Lla_D,1,19/10/2017,3,2,22/10/2017,3,0,2
1,Man,Man_2,2,20/10/2017,3,3,22/10/2017,2,0,3
1,Man,Man_3,3,21/10/2017,2,2,25/10/2017,4,0,2
1,Man,Man_4,5,23/10/2017,5,5,29/10/2017,6,0,5
1,Man,Man_5,4,22/10/2017,5,5,29/10/2017,7,0,5
1,Man,Man_6,3,21/10/2017,4,3,25/10/2017,4,0,3
1,Man,Man_8,6,24/10/2017,4,3,06/11/2017,13,0,3
1,Man,Man_11,7,25/10/2017,2,1,06/11/2017,12,0,1
1,Man,Man_13,5,23/10/2017,2,2,29/10/2017,6,0,2
1,Man,Man_14,6,24/10/2017,2,0,NA,NA,NA,NA
1,Man,Man_15,5,23/10/2017,3,3,29/10/2017,6,0,3
1,Man,Man_16,3,21/10/2017,2,2,25/10/2017,4,0,2
1,Man,Man_18,2,20/10/2017,2,2,22/10/2017,2,0,2
1,Man,Man_21,1,19/10/2017,3,2,25/10/2017,6,0,2
1,Man,Man_22,6,24/10/2017,2,0,NA,NA,NA,NA
1,Man,Man_23,5,23/10/2017,3,3,29/10/2017,6,0,3
1,Man,Man_25,4,22/10/2017,3,3,25/10/2017,3,0,3
1,Man,Man_26,1,19/10/2017,2,1,29/10/2017,10,0,1
1,Man,Man_27,7,25/10/2017,2,2,06/11/2017,12,0,2
1,Man,Man_28,1,19/10/2017,2,2,22/10/2017,3,0,2
1,Man,Man_30,7,25/10/2017,5,4,06/11/2017,12,0,4
1,Man,Man_31,5,23/10/2017,2,2,29/10/2017,6,0,2
1,Man,Man_33,4,22/10/2017,5,5,29/10/2017,7,0,5
1,Man,Man_34,1,19/10/2017,5,2,22/10/2017,3,0,2
1,Man,Man_35,1,19/10/2017,2,2,22/10/2017,3,0,2
1,Man,Man_36,7,25/10/2017,4,4,29/10/2017,4,0,4
1,Man,Man_37,3,21/10/2017,5,5,25/10/2017,4,0,5
1,Man,Man_38,2,20/10/2017,2,2,22/10/2017,2,0,2
1,Man,Man_39,4,22/10/2017,5,4,29/10/2017,7,0,4
1,Man,Man_40,2,20/10/2017,4,3,22/10/2017,2,0,3
1,Man,Man_41,6,24/10/2017,3,3,29/10/2017,5,0,3
1,Mat,Mat_1,7,25/10/2017,4,4,06/11/2017,12,1,3
1,Mat,Mat_2,6,24/10/2017,5,3,29/10/2017,5,0,3
1,Mat,Mat_3,5,23/10/2017,5,5,29/10/2017,6,0,5
1,Mat,Mat_4,5,23/10/2017,5,4,29/10/2017,6,0,4
1,Mat,Mat_5,2,20/10/2017,5,5,25/10/2017,5,0,5
1,Mat,Mat_6,2,20/10/2017,5,3,25/10/2017,5,0,3
1,Mat,Mat_7,4,22/10/2017,5,5,25/10/2017,3,0,5
1,Mat,Mat_8,5,23/10/2017,5,5,29/10/2017,6,0,5
1,Mat,Mat_9,3,21/10/2017,4,3,25/10/2017,4,0,3
1,Mat,Mat_10,3,21/10/2017,5,3,25/10/2017,4,0,3
1,Mat,Mat_11,2,20/10/2017,5,5,25/10/2017,5,0,5
1,Mat,Mat_12,6,24/10/2017,5,4,29/10/2017,5,0,4
1,Mat,Mat_13,4,22/10/2017,5,5,25/10/2017,3,0,5
1,Mat,Mat_14,3,21/10/2017,5,5,29/10/2017,8,0,5
1,Mat,Mat_15,6,24/10/2017,3,3,29/10/2017,5,0,3
1,Mat,Mat_16,6,24/10/2017,5,0,22/11/2017,29,0,0
1,Mat,Mat_17,1,19/10/2017,5,4,25/10/2017,6,0,4
1,Mat,Mat_18,2,20/10/2017,5,4,22/10/2017,2,0,4
1,Mat,Mat_19,7,25/10/2017,5,4,10/11/2017,16,0,4
1,Mat,Mat_20,7,25/10/2017,5,2,29/10/2017,4,0,2
1,Mat,Mat_21,5,23/10/2017,5,5,29/10/2017,6,0,5
1,Mat,Mat_22,5,23/10/2017,5,5,29/10/2017,6,0,5
1,Mat,Mat_23,7,25/10/2017,5,3,06/11/2017,12,0,3
1,Mat,Mat_24,1,19/10/2017,5,2,06/11/2017,18,0,2
1,Mat,Mat_25,1,19/10/2017,5,5,22/10/2017,3,0,5
1,NA,NA_NA,7,25/10/2017,NA,4,06/11/2017,12,0,4
1,NA,NA_NA,7,25/10/2017,NA,2,06/11/2017,12,0,2
1,NA,NA_NA,6,24/10/2017,NA,NA,NA,NA,NA,NA
1,NA,NA_NA,7,25/10/2017,NA,3,06/11/2017,12,0,3
1,NA,NA_NA,7,25/10/2017,NA,5,29/10/2017,4,0,5
1,NA,NA_NA,2,20/10/2017,NA,NA,NA,NA,NA,NA
1,NA,NA_NA,2,20/10/2017,NA,2,25/10/2017,5,0,2
1,NA,NA_NA,2,20/10/2017,NA,3,22/10/2017,2,1,2
1,NA,NA_NA,5,23/10/2017,NA,NA,NA,NA,NA,NA
1,Roc,Roc_2,4,22/10/2017,5,4,25/10/2017,3,0,4
1,Roc,Roc_4,5,23/10/2017,5,5,29/10/2017,6,0,5
1,Roc,Roc_5,1,19/10/2017,5,5,25/10/2017,6,0,5
1,Roc,Roc_6,4,22/10/2017,5,3,25/10/2017,3,0,3
1,Roc,Roc_7,1,19/10/2017,5,4,22/10/2017,3,0,4
1,Roc,Roc_10,3,21/10/2017,5,4,25/10/2017,4,0,4
1,Roc,Roc_11,6,24/10/2017,4,4,29/10/2017,5,0,4
1,Roc,Roc_12,4,22/10/2017,5,5,29/10/2017,7,0,5
1,Roc,Roc_13,2,20/10/2017,4,4,29/10/2017,9,0,4
1,Roc,Roc_14,5,23/10/2017,4,4,29/10/2017,6,0,4
1,Roc,Roc_16,3,21/10/2017,5,5,25/10/2017,4,0,5
1,Roc,Roc_17,7,25/10/2017,5,2,06/11/2017,12,0,2
1,Roc,Roc_18,2,20/10/2017,5,5,25/10/2017,5,0,5
1,Roc,Roc_19,6,24/10/2017,5,4,29/10/2017,5,0,4
1,Roc,Roc_21,6,24/10/2017,5,5,29/10/2017,5,0,5
1,Roc,Roc_22,7,25/10/2017,5,3,29/10/2017,4,0,3
1,Roc,Roc_23,1,19/10/2017,5,4,22/10/2017,3,0,4
1,Roc,Roc_24,5,23/10/2017,5,5,29/10/2017,6,0,5
1,Roc,Roc_30,4,22/10/2017,5,5,06/11/2017,15,0,5
1,Roc,Roc_31,5,23/10/2017,5,2,29/10/2017,6,0,2
1,Roc,Roc_32,3,21/10/2017,5,5,25/10/2017,4,0,5
1,Roc,Roc_33,3,21/10/2017,5,3,25/10/2017,4,0,3
1,Roc,Roc_34,7,25/10/2017,5,5,29/10/2017,4,0,5
1,Roc,Roc_35,2,20/10/2017,4,4,25/10/2017,5,0,4
1,Roc,Roc_36,7,25/10/2017,5,2,10/11/2017,16,0,2
1,Roc,Roc_37,1,19/10/2017,5,5,22/10/2017,3,0,5
1,Roc,Roc_38,1,19/10/2017,5,4,25/10/2017,6,0,4
1,Roc,Roc_39,7,25/10/2017,5,2,06/11/2017,12,0,2
1,Roc,Roc_40,6,24/10/2017,5,5,06/11/2017,13,0,5
1,Saf,Saf_1,5,23/10/2017,5,4,06/11/2017,14,0,4
1,Saf,Saf_2,6,24/10/2017,5,4,06/11/2017,13,0,4
1,Saf,Saf_3,4,22/10/2017,5,5,06/11/2017,15,0,5
1,Saf,Saf_4,7,25/10/2017,3,3,02/11/2017,8,0,3
1,Saf,Saf_5,4,22/10/2017,4,4,29/10/2017,7,0,4
1,Saf,Saf_7,2,20/10/2017,5,5,22/10/2017,2,0,5
1,Saf,Saf_8,1,19/10/2017,3,3,22/10/2017,3,0,3
1,Saf,Saf_9,2,20/10/2017,3,3,22/10/2017,2,0,3
1,Saf,Saf_10,7,25/10/2017,2,2,06/11/2017,12,0,2
1,Saf,Saf_11,5,23/10/2017,4,4,10/11/2017,18,0,4
1,Saf,Saf_12,3,21/10/2017,3,3,25/10/2017,4,0,3
1,Saf,Saf_13,6,24/10/2017,2,1,29/10/2017,5,0,1
1,Saf,Saf_14,4,22/10/2017,3,2,29/10/2017,7,0,2
1,Saf,Saf_15,3,21/10/2017,5,3,25/10/2017,4,0,3
1,Saf,Saf_16,3,21/10/2017,4,4,25/10/2017,4,0,4
1,Saf,Saf_17,1,19/10/2017,3,2,22/10/2017,3,0,2
1,Saf,Saf_19,1,19/10/2017,5,4,22/10/2017,3,0,4
1,Saf,Saf_20,3,21/10/2017,2,2,25/10/2017,4,0,2
1,Saf,Saf_21,6,24/10/2017,2,2,06/11/2017,13,0,2
1,Saf,Saf_22,6,24/10/2017,2,2,29/10/2017,5,0,2
1,Saf,Saf_23,4,22/10/2017,2,0,NA,NA,NA,NA
1,Saf,Saf_25,7,25/10/2017,3,1,29/10/2017,4,0,1
1,Saf,Saf_26,4,22/10/2017,NA,4,25/10/2017,3,0,4
1,Saf,Saf_27,2,20/10/2017,3,2,22/10/2017,2,0,2
1,Saf,Saf_28,7,25/10/2017,4,4,06/11/2017,12,0,4
1,Saf,Saf_29,2,20/10/2017,4,4,22/10/2017,2,0,4
1,Saf,Saf_30,1,19/10/2017,5,5,22/10/2017,3,0,5
1,Sut,Sut_1,2,20/10/2017,3,2,22/10/2017,2,0,2
1,Sut,Sut_2,1,19/10/2017,5,5,22/10/2017,3,0,5
1,Sut,Sut_3,4,22/10/2017,3,3,29/10/2017,7,0,3
1,Sut,Sut_6,4,22/10/2017,4,4,25/10/2017,3,0,4
1,Sut,Sut_8,5,23/10/2017,4,3,29/10/2017,6,0,3
1,Sut,Sut_10,3,21/10/2017,3,3,25/10/2017,4,0,3
1,Sut,Sut_13,7,25/10/2017,4,2,29/10/2017,4,0,2
1,Sut,Sut_15,5,23/10/2017,5,5,15/11/2017,23,0,5
1,Sut,Sut_16,4,22/10/2017,4,4,29/10/2017,7,0,4
1,Sut,Sut_17,1,19/10/2017,4,3,22/10/2017,3,0,3
1,Sut,Sut_18,7,25/10/2017,2,2,29/10/2017,4,0,2
1,Sut,Sut_20,3,21/10/2017,5,5,25/10/2017,4,0,5
1,Sut,Sut_21,1,19/10/2017,3,3,10/11/2017,22,0,3
1,Sut,Sut_25,6,24/10/2017,2,1,29/10/2017,5,0,1
1,Sut,Sut_26,7,25/10/2017,4,4,15/11/2017,21,0,4
1,Sut,Sut_27,5,23/10/2017,4,4,29/10/2017,6,0,4
1,Sut,Sut_28,1,19/10/2017,2,2,22/10/2017,3,0,2
1,Sut,Sut_29,5,23/10/2017,5,5,29/10/2017,6,0,5
1,Sut,Sut_30,3,21/10/2017,5,5,25/10/2017,4,1,4
1,Sut,Sut_31,6,24/10/2017,3,2,29/10/2017,5,0,2
1,Sut,Sut_32,6,24/10/2017,3,3,29/10/2017,5,0,3
1,Sut,Sut_34,2,20/10/2017,3,3,22/10/2017,2,0,3
1,Sut,Sut_36,2,20/10/2017,5,3,22/10/2017,2,0,3
1,Sut,Sut_37,3,21/10/2017,3,3,25/10/2017,4,0,3
1,Sut,Sut_38,3,21/10/2017,4,4,25/10/2017,4,0,4
1,Sut,Sut_39,6,24/10/2017,3,2,29/10/2017,5,0,2
1,Sut,Sut_40,6,24/10/2017,3,3,29/10/2017,5,0,3
1,Sut,Sut_41,2,20/10/2017,4,4,22/10/2017,2,0,4
1,Sut,Sut_42,4,22/10/2017,3,3,25/10/2017,3,0,3
1,Tal,Tal_1,6,24/10/2017,5,1,29/10/2017,5,0,1
1,Tal,Tal_3,3,21/10/2017,5,4,25/10/2017,4,0,4
1,Tal,Tal_4,5,23/10/2017,2,2,25/10/2017,2,0,2
1,Tal,Tal_6,1,19/10/2017,5,4,22/10/2017,3,0,4
1,Tal,Tal_8,7,25/10/2017,5,4,29/10/2017,4,0,4
1,Tal,Tal_9,4,22/10/2017,4,0,NA,NA,NA,NA
1,Tal,Tal_10,2,20/10/2017,5,5,22/10/2017,2,0,5
1,Tal,Tal_11,1,19/10/2017,5,4,22/10/2017,3,0,4
1,Tal,Tal_12,7,25/10/2017,4,1,06/11/2017,12,0,1
1,Tal,Tal_14,6,24/10/2017,5,4,29/10/2017,5,0,4
1,Tal,Tal_15,7,25/10/2017,2,0,22/11/2017,28,0,0
1,Tal,Tal_18,2,20/10/2017,3,3,22/10/2017,2,0,3
1,Tal,Tal_19,7,25/10/2017,5,5,29/10/2017,4,1,4
1,Tal,Tal_20,2,20/10/2017,2,2,22/10/2017,2,0,2
1,Tal,Tal_21,4,22/10/2017,5,5,29/10/2017,7,0,5
1,Tal,Tal_23,2,20/10/2017,5,6,25/10/2017,5,1,5
1,Tal,Tal_28,4,22/10/2017,5,5,25/10/2017,3,0,5
1,Tal,Tal_29,4,22/10/2017,5,5,29/10/2017,7,0,5
1,Tal,Tal_30,6,24/10/2017,5,5,29/10/2017,5,0,5
1,Tal,Tal_31,5,23/10/2017,4,4,29/10/2017,6,0,4
1,Tal,Tal_32,5,23/10/2017,2,2,29/10/2017,6,0,2
1,Tal,Tal_33,3,21/10/2017,5,5,25/10/2017,4,0,5
1,Tal,Tal_34,6,24/10/2017,5,4,29/10/2017,5,0,4
1,Tal,Tal_35,1,19/10/2017,5,3,22/10/2017,3,0,3
1,Tal,Tal_37,3,21/10/2017,5,5,25/10/2017,4,0,5
1,Tal,Tal_38,5,23/10/2017,5,5,25/10/2017,2,0,5
1,Tal,Tal_39,3,21/10/2017,5,3,25/10/2017,4,0,3
1,Tal,Tal_40,1,19/10/2017,5,4,22/10/2017,3,0,4
1,Tym,Tym_3,7,25/10/2017,2,2,29/10/2017,4,0,2
1,Tym,Tym_4,1,19/10/2017,3,2,22/10/2017,3,0,2
1,Tym,Tym_5,4,22/10/2017,3,3,25/10/2017,3,0,3
1,Tym,Tym_6,5,23/10/2017,4,1,25/10/2017,2,0,1
1,Tym,Tym_7,4,22/10/2017,3,3,25/10/2017,3,0,3
1,Tym,Tym_8,7,25/10/2017,3,1,29/10/2017,4,0,1
1,Tym,Tym_9,6,24/10/2017,4,2,29/10/2017,5,0,2
1,Tym,Tym_10,7,25/10/2017,4,2,29/10/2017,4,0,2
1,Tym,Tym_12,7,25/10/2017,3,2,29/10/2017,4,0,2
1,Tym,Tym_15,1,19/10/2017,3,0,22/10/2017,3,0,0
1,Tym,Tym_16,7,25/10/2017,3,2,29/10/2017,4,0,2
1,Tym,Tym_18,1,19/10/2017,4,4,22/10/2017,3,0,4
1,Tym,Tym_19,5,23/10/2017,5,5,29/10/2017,6,0,5
1,Tym,Tym_20,5,23/10/2017,4,4,29/10/2017,6,0,4
1,Tym,Tym_22,6,24/10/2017,5,5,29/10/2017,5,0,5
1,Tym,Tym_23,3,21/10/2017,3,0,NA,NA,NA,NA
1,Tym,Tym_24,6,24/10/2017,5,3,29/10/2017,5,0,3
1,Tym,Tym_25,2,20/10/2017,3,3,22/10/2017,2,0,3
1,Tym,Tym_26,5,23/10/2017,3,3,29/10/2017,6,0,3
1,Tym,Tym_27,3,21/10/2017,5,5,25/10/2017,4,0,5
1,Tym,Tym_30,2,20/10/2017,5,5,22/10/2017,2,0,5
1,Tym,Tym_31,4,22/10/2017,3,3,25/10/2017,3,0,3
1,Tym,Tym_36,3,21/10/2017,2,2,25/10/2017,4,0,2
1,Tym,Tym_37,1,19/10/2017,2,2,10/11/2017,22,0,2
1,Tym,Tym_39,2,20/10/2017,2,1,22/10/2017,2,0,1
1,Tym,Tym_40,6,24/10/2017,5,4,29/10/2017,5,1,3
1,Tym,Tym_41,3,21/10/2017,5,5,25/10/2017,4,0,5
1,Tym,Tym_42,2,20/10/2017,2,2,22/10/2017,2,0,2
1,Tym,Tym_43,4,22/10/2017,5,4,25/10/2017,3,0,4
1,Tym,Tym_44,4,22/10/2017,3,3,25/10/2017,3,0,3
1,Vil,Vil_1,6,24/10/2017,5,5,06/11/2017,13,0,5
1,Vil,Vil_2,1,19/10/2017,5,4,22/10/2017,3,0,4
1,Vil,Vil_3,2,20/10/2017,5,5,25/10/2017,5,0,5
1,Vil,Vil_6,1,19/10/2017,5,4,22/10/2017,3,0,4
1,Vil,Vil_7,5,23/10/2017,5,5,29/10/2017,6,1,4
1,Vil,Vil_8,7,25/10/2017,5,4,06/11/2017,12,0,4
1,Vil,Vil_10,1,19/10/2017,5,3,22/10/2017,3,0,3
1,Vil,Vil_11,4,22/10/2017,5,5,29/10/2017,7,0,5
1,Vil,Vil_12,3,21/10/2017,5,5,25/10/2017,4,0,5
1,Vil,Vil_15,6,24/10/2017,5,5,29/10/2017,5,0,5
1,Vil,Vil_16,7,25/10/2017,5,3,29/10/2017,4,0,3
1,Vil,Vil_17,2,20/10/2017,5,4,22/10/2017,2,0,4
1,Vil,Vil_18,4,22/10/2017,5,5,29/10/2017,7,0,5
1,Vil,Vil_19,4,22/10/2017,5,5,02/11/2017,11,0,5
1,Vil,Vil_21,5,23/10/2017,5,5,29/10/2017,6,0,5
1,Vil,Vil_22,2,20/10/2017,3,3,25/10/2017,5,0,3
1,Vil,Vil_23,5,23/10/2017,5,5,29/10/2017,6,0,5
1,Vil,Vil_24,1,19/10/2017,5,3,29/10/2017,10,0,3
1,Vil,Vil_25,4,22/10/2017,5,5,29/10/2017,7,0,5
1,Vil,Vil_26,2,20/10/2017,5,5,22/10/2017,2,2,3
1,Vil,Vil_27,7,25/10/2017,5,5,29/10/2017,4,0,5
1,Vil,Vil_28,3,21/10/2017,5,5,10/11/2017,20,0,5
1,Vil,Vil_29,7,25/10/2017,5,3,06/11/2017,12,0,3
1,Vil,Vil_30,5,23/10/2017,5,5,29/10/2017,6,0,5
1,Vil,Vil_31,3,21/10/2017,5,5,25/10/2017,4,0,5
1,Vil,Vil_32,2,20/10/2017,5,5,25/10/2017,5,0,5
1,Vil,Vil_35,4,22/10/2017,5,5,29/10/2017,7,0,5
1,Vil,Vil_36,6,24/10/2017,5,5,06/11/2017,13,0,5
1,Vil,Vil_37,3,21/10/2017,5,5,29/10/2017,8,0,5
1,Vil,Vil_38,6,24/10/2017,6,6,06/11/2017,13,0,6
